"Index","Anomaly_Score"
92,0.0997251857144815
44,0.158982274606818
159,0.14326413154602
196,0.127653518218505
149,0.103901555360219
29,0.0418517277669162
164,0.0894268725131253
127,0.110086178126361
11,0.0372285949159412
122,0.124362529137965
88,0.0373298894427711
118,0.0358687276765704
43,0.0381867263466118
58,0.033835889846088
150,0.136855813247133
152,0.0376968076080083
163,0.0351082871295511
32,0.0442332801222798
72,0.0413836932461709
119,0.0415606466215104
